{
  "ground": {
    "p1":  [76.78582998986485, 30.7674901584452],
    "p2":  [76.78585796949295, 30.767504171683285],
    "p3":  [76.78584465266721, 30.76752332036982],
    "p4":  [76.78583675339411, 30.767536489389045],
    "p5":  [76.78587260694007, 30.767557220599684],
    "p6":  [76.78586435805443, 30.76756753524569],
    "p7":  [76.78584357363252, 30.767597921517236],
    "p8":  [76.78586016797658, 30.767606270156534],
    "p9":  [76.78582136031355, 30.76758768345212],
    "p10": [76.78588093263761, 30.767575654953788],
    "p11": [76.78584354387885, 30.76755610888071],
    "p12": [76.78591677414913, 30.767421758151848],
    "p13": [76.785929054696,   30.76742852269591]
  },
  "floor1": {
    "q1":  [76.78585499248481, 30.76753105119502],
    "q2":  [76.78587262370047, 30.76754023912882],
    "q3":  [76.78584467552355, 30.767582882422047],
    "q4":  [76.78590124845255, 30.767502679232265],
    "q5":  [76.78586281136893, 30.767482981283194],
    "q6":  [76.78589350335113, 30.767446329875824],
    "q7":  [76.78592592686437, 30.767405828597248],
    "q8":  [76.78594991321597, 30.767371987551954],
    "q9":  [76.78597745653292, 30.76733313128183],
    "q10": [76.78582778620631, 30.76757335200378],
    "q11": [76.78585850721777, 30.76759017565746],
    "q12": [76.78588832299022, 30.767548699496757],
    "q13": [76.7859172517488,  30.76750898327687],
    "q14": [76.7859166226495,  30.767457596519563],
    "q15": [76.78594657561331, 30.76741392585585],
    "q16": [76.78596894340501, 30.76738178809279],
    "q17": [76.78599738847839, 30.767343568144113]
  },
  "floor2": {
    "r1":  [76.78586933090924, 30.767505022538685],
    "r2":  [76.78589101494299, 30.76751566582817],
    "r3":  [76.78585912566979, 30.76756051530539],
    "r4":  [76.78591437392754, 30.76748286752465],
    "r5":  [76.78587271710427, 30.767461144396876],
    "r6":  [76.78589364551897, 30.767432565428237],
    "r7":  [76.78591845201908, 30.767400014446906],
    "r8":  [76.78596314786148, 30.767341233277648],
    "r9":  [76.78584132383702, 30.76755126358013],
    "r10": [76.78587503909904, 30.767568785615396],
    "r11": [76.78590826309306, 30.767521784308798],
    "r12": [76.78593115660016, 30.76749032912595],
    "r13": [76.78591925116456, 30.76744599286762],
    "r14": [76.78594461965338, 30.76741216784471],
    "r15": [76.78598706509615, 30.767353370645168]
  }
}